Venue,Instrument Name,Link to a website or other source where further information on costs is available,"Total value of all rebates, discounts, or other payments offered (as % of total
traded value during the reporting period)","Total value of all costs (as a % of total traded value during the reporting period
volume)"
Avatrade,BTG/USD Rolling Spot FX,https://www.avatrade.com/trading-info/trading-conditions,,
Avatrade,BCH/USD Rolling Spot FX,https://www.avatrade.com/trading-info/trading-conditions,,
Avatrade,LTC/USD Rolling Spot FX,https://www.avatrade.com/trading-info/trading-conditions,,
Avatrade,BTC/JPY Rolling Spot FX,https://www.avatrade.com/trading-info/trading-conditions,,
Avatrade,BTC/EUR Rolling Spot FX,https://www.avatrade.com/trading-info/trading-conditions,,
Avatrade,ETH/USD Rolling Spot FX,https://www.avatrade.com/trading-info/trading-conditions,,
Avatrade,BTC/USD Rolling Spot FX,https://www.avatrade.com/trading-info/trading-conditions,,
Avatrade,COCOA Commodity CFD 100,https://www.avatrade.com/trading-info/trading-conditions,,
Avatrade,SILVER Commodity CFD 10000,https://www.avatrade.com/trading-info/trading-conditions,,
Avatrade,COPPER Commodity CFD,https://www.avatrade.com/trading-info/trading-conditions,,
Avatrade,GOOGLE,https://www.avatrade.com/trading-info/trading-conditions,,
Avatrade,USSugar Commodity CFD,https://www.avatrade.com/trading-info/trading-conditions,,
Avatrade,SOYBEAN Commodity CFD 100,https://www.avatrade.com/trading-info/trading-conditions,,
Avatrade,AMAZON,https://www.avatrade.com/trading-info/trading-conditions,,
Avatrade,MASTERCARD,https://www.avatrade.com/trading-info/trading-conditions,,
Avatrade,NATURAL_GAS Commodity CFD 10000,https://www.avatrade.com/trading-info/trading-conditions,,
Avatrade,HEATING_OIL Commodity CFD 100000,https://www.avatrade.com/trading-info/trading-conditions,,
Avatrade,GASOLINE Commodity CFD 100000,https://www.avatrade.com/trading-info/trading-conditions,,
Avatrade,USCoffee Commodity CFD,https://www.avatrade.com/trading-info/trading-conditions,,
Avatrade,CORN Commodity CFD 100,https://www.avatrade.com/trading-info/trading-conditions,,
Avatrade,COTTON2 Commodity CFD 1000,https://www.avatrade.com/trading-info/trading-conditions,,
Avatrade,PLATINUM Commodity CFD,https://www.avatrade.com/trading-info/trading-conditions,,
Avatrade,APPLE,https://www.avatrade.com/trading-info/trading-conditions,,
Avatrade,TESLA,https://www.avatrade.com/trading-info/trading-conditions,,
Avatrade,NETFLIX,https://www.avatrade.com/trading-info/trading-conditions,,
Avatrade,TWITTER,https://www.avatrade.com/trading-info/trading-conditions,,
Avatrade,ALIBABA,https://www.avatrade.com/trading-info/trading-conditions,,
Avatrade,VISA,https://www.avatrade.com/trading-info/trading-conditions,,
Avatrade,SNAPCHAT,https://www.avatrade.com/trading-info/trading-conditions,,
Avatrade,WHEAT Commodity CFD 100,https://www.avatrade.com/trading-info/trading-conditions,,
Avatrade,Palladium. Commodity CFD,https://www.avatrade.com/trading-info/trading-conditions,,
Avatrade,WTI Crude Commodity CFD,https://www.avatrade.com/trading-info/trading-conditions,,
Avatrade,BRENT_OIL Commodity CFD 1000,https://www.avatrade.com/trading-info/trading-conditions,,
Avatrade,BARCLAYS,https://www.avatrade.com/trading-info/trading-conditions,,
Avatrade,GOLD Commodity CFD,https://www.avatrade.com/trading-info/trading-conditions,,
Avatrade,RIO TINTO.UK,https://www.avatrade.com/trading-info/trading-conditions,,
Avatrade,US Dollar Index Equity Index CFD,https://www.avatrade.com/trading-info/trading-conditions,,
Avatrade,USD/HUF Rolling Spot FX,https://www.avatrade.com/trading-info/trading-conditions,,
Avatrade,FACEBOOK,https://www.avatrade.com/trading-info/trading-conditions,,
Avatrade,TOTAL,https://www.avatrade.com/trading-info/trading-conditions,,
Avatrade,BAYER,https://www.avatrade.com/trading-info/trading-conditions,,
Avatrade,NAS100 Equity Index CFD,https://www.avatrade.com/trading-info/trading-conditions,,
Avatrade,CISCO SYSTEMS,https://www.avatrade.com/trading-info/trading-conditions,,
Avatrade,INTEL,https://www.avatrade.com/trading-info/trading-conditions,,
Avatrade,MICROSOFT,https://www.avatrade.com/trading-info/trading-conditions,,
Avatrade,TEVA,https://www.avatrade.com/trading-info/trading-conditions,,
Avatrade,AMERICAN EXPRESS,https://www.avatrade.com/trading-info/trading-conditions,,
Avatrade,AT&T,https://www.avatrade.com/trading-info/trading-conditions,,
Avatrade,BERKSHIRE HATHAWAY.B,https://www.avatrade.com/trading-info/trading-conditions,,
Avatrade,BANK OF AMERICA,https://www.avatrade.com/trading-info/trading-conditions,,
Avatrade,BOEING,https://www.avatrade.com/trading-info/trading-conditions,,
Avatrade,CATERPILLAR,https://www.avatrade.com/trading-info/trading-conditions,,
Avatrade,CHEVRON,https://www.avatrade.com/trading-info/trading-conditions,,
Avatrade,CITIGROUP,https://www.avatrade.com/trading-info/trading-conditions,,
Avatrade,COCA COLA,https://www.avatrade.com/trading-info/trading-conditions,,
Avatrade,WALT DISNEY,https://www.avatrade.com/trading-info/trading-conditions,,
Avatrade,EXXON MOBIL,https://www.avatrade.com/trading-info/trading-conditions,,
Avatrade,GENERAL ELECTRIC,https://www.avatrade.com/trading-info/trading-conditions,,
Avatrade,GM,https://www.avatrade.com/trading-info/trading-conditions,,
Avatrade,GOLDMAN SACHS GROUP,https://www.avatrade.com/trading-info/trading-conditions,,
Avatrade,JOHNSON & JOHNSON,https://www.avatrade.com/trading-info/trading-conditions,,
Avatrade,JP MORGAN CHASE,https://www.avatrade.com/trading-info/trading-conditions,,
Avatrade,MCDONALDS,https://www.avatrade.com/trading-info/trading-conditions,,
Avatrade,PFIZER,https://www.avatrade.com/trading-info/trading-conditions,,
Avatrade,PROCTER & GAMBLE,https://www.avatrade.com/trading-info/trading-conditions,,
Avatrade,WAL MART,https://www.avatrade.com/trading-info/trading-conditions,,
Avatrade,DEUTSCHE BANK,https://www.avatrade.com/trading-info/trading-conditions,,
Avatrade,SAP.DE,https://www.avatrade.com/trading-info/trading-conditions,,
Avatrade,DAIMLER.DE,https://www.avatrade.com/trading-info/trading-conditions,,
Avatrade,MSCI Emerging Markets Index Fund,https://www.avatrade.com/trading-info/trading-conditions,,
Avatrade,PEUGEOT.FR,https://www.avatrade.com/trading-info/trading-conditions,,
Avatrade,CARREFOUR.FR,https://www.avatrade.com/trading-info/trading-conditions,,
Avatrade,S&P 500 VIX Short-Term Futures ETN,https://www.avatrade.com/trading-info/trading-conditions,,
Avatrade,MSCI Brazil Index Fund,https://www.avatrade.com/trading-info/trading-conditions,,
Avatrade,Energy Select Sector SPDR,https://www.avatrade.com/trading-info/trading-conditions,,
Avatrade,Market Vectors TR Gold Miners,https://www.avatrade.com/trading-info/trading-conditions,,
Avatrade,BMW.DE,https://www.avatrade.com/trading-info/trading-conditions,,
Avatrade,CREDIT AGRICOLE,https://www.avatrade.com/trading-info/trading-conditions,,
Avatrade,EUROBUND CFD,https://www.avatrade.com/trading-info/trading-conditions,,
Avatrade,MSCI Taiwan Index Equity Index CFD,https://www.avatrade.com/trading-info/trading-conditions,,
Avatrade,GROUPON,https://www.avatrade.com/trading-info/trading-conditions,,
Avatrade,HSBC,https://www.avatrade.com/trading-info/trading-conditions,,
Avatrade,SIEMENS,https://www.avatrade.com/trading-info/trading-conditions,,
Avatrade,Amsterdam Exchange Index Equity Index CFD,https://www.avatrade.com/trading-info/trading-conditions,,
Avatrade,XRP/USD Rolling Spot FX,https://www.avatrade.com/trading-info/trading-conditions,,
Avatrade,USD/CLP Rolling Spot FX,https://www.avatrade.com/trading-info/trading-conditions,,
Avatrade,E.ON,https://www.avatrade.com/trading-info/trading-conditions,,
Avatrade,RWE.DE,https://www.avatrade.com/trading-info/trading-conditions,,
Avatrade,VALLOUREC.FR,https://www.avatrade.com/trading-info/trading-conditions,,
Avatrade,UNICREDITO,https://www.avatrade.com/trading-info/trading-conditions,,
Avatrade,EUR/ZAR Rolling Spot FX,https://www.avatrade.com/trading-info/trading-conditions,,
Avatrade,GBP/ILS Rolling Spot FX,https://www.avatrade.com/trading-info/trading-conditions,,
Avatrade,Russell 200 Equity Index CFD,https://www.avatrade.com/trading-info/trading-conditions,,
Avatrade,OMX Stockholm 30 Equity Index CFD,https://www.avatrade.com/trading-info/trading-conditions,,
Avatrade,USD/ZAR Rolling Spot FX,https://www.avatrade.com/trading-info/trading-conditions,,
Avatrade,EUR/ILS Rolling Spot FX,https://www.avatrade.com/trading-info/trading-conditions,,
Avatrade,USD/MXN Rolling Spot FX,https://www.avatrade.com/trading-info/trading-conditions,,
Avatrade,VODAFONE,https://www.avatrade.com/trading-info/trading-conditions,,
Avatrade,DEUTSCHE TELEKOM.DE,https://www.avatrade.com/trading-info/trading-conditions,,
Avatrade,CAD/JPY Rolling Spot FX,https://www.avatrade.com/trading-info/trading-conditions,,
Avatrade,SPX500 Equity Index CFD 10,https://www.avatrade.com/trading-info/trading-conditions,,
Avatrade,USD/ILS Rolling Spot FX,https://www.avatrade.com/trading-info/trading-conditions,,
Avatrade,GBP/HUF Rolling Spot FX,https://www.avatrade.com/trading-info/trading-conditions,,
Avatrade,DJ Euro Stoxx 50 Equity Index CFD,https://www.avatrade.com/trading-info/trading-conditions,,
Avatrade,GBP/USD Rolling Spot FX,https://www.avatrade.com/trading-info/trading-conditions,,
Avatrade,USD/NOK Rolling Spot FX,https://www.avatrade.com/trading-info/trading-conditions,,
Avatrade,USD/PLN Rolling Spot FX,https://www.avatrade.com/trading-info/trading-conditions,,
Avatrade,EUR/TRY Rolling Spot FX,https://www.avatrade.com/trading-info/trading-conditions,,
Avatrade,CAC 40 French  Equity Index CFD,https://www.avatrade.com/trading-info/trading-conditions,,
Avatrade,INTESA SANPAOLO,https://www.avatrade.com/trading-info/trading-conditions,,
Avatrade,EUR/NOK Rolling Spot FX,https://www.avatrade.com/trading-info/trading-conditions,,
Avatrade,EUR/HUF Rolling Spot FX,https://www.avatrade.com/trading-info/trading-conditions,,
Avatrade,USD/TRY Rolling Spot FX,https://www.avatrade.com/trading-info/trading-conditions,,
Avatrade,Australian 200  Equity Index CFD,https://www.avatrade.com/trading-info/trading-conditions,,
Avatrade,GBP/SEK Rolling Spot FX,https://www.avatrade.com/trading-info/trading-conditions,,
Avatrade,EUR/PLN Rolling Spot FX,https://www.avatrade.com/trading-info/trading-conditions,,
Avatrade,USD/SEK Rolling Spot FX,https://www.avatrade.com/trading-info/trading-conditions,,
Avatrade,EUR/SEK Rolling Spot FX,https://www.avatrade.com/trading-info/trading-conditions,,
Avatrade,EUR/DKK Rolling Spot FX,https://www.avatrade.com/trading-info/trading-conditions,,
Avatrade,USD/DKK Rolling Spot FX,https://www.avatrade.com/trading-info/trading-conditions,,
Avatrade,Swiss Market Index Equity Index CFD,https://www.avatrade.com/trading-info/trading-conditions,,
Avatrade,Ibex Spanish 30  Equity Index CFD,https://www.avatrade.com/trading-info/trading-conditions,,
Avatrade,USD/CNY Rolling Spot FX,https://www.avatrade.com/trading-info/trading-conditions,,
Avatrade,Nifty Fifty Inida Index Future CFD ,https://www.avatrade.com/trading-info/trading-conditions,,
Avatrade,Deutsche 30   Equity Index CFD,https://www.avatrade.com/trading-info/trading-conditions,,
Avatrade,FTSE China A50 Index Equity Index CFD,https://www.avatrade.com/trading-info/trading-conditions,,
Avatrade,JAPAN GOVT BOND CFD,https://www.avatrade.com/trading-info/trading-conditions,,
Avatrade,GBP/CAD Rolling Spot FX,https://www.avatrade.com/trading-info/trading-conditions,,
Avatrade,JPN225 Equity Index CFD,https://www.avatrade.com/trading-info/trading-conditions,,
Avatrade,EUR/NZD Rolling Spot FX,https://www.avatrade.com/trading-info/trading-conditions,,
Avatrade,CAD/CHF Rolling Spot FX,https://www.avatrade.com/trading-info/trading-conditions,,
Avatrade,Han Seng Index Equity Index CFD,https://www.avatrade.com/trading-info/trading-conditions,,
Avatrade,US30 Equity Index CFD,https://www.avatrade.com/trading-info/trading-conditions,,
Avatrade,TELECOM ITALIA,https://www.avatrade.com/trading-info/trading-conditions,,
Avatrade,AUD/NZD Rolling Spot FX,https://www.avatrade.com/trading-info/trading-conditions,,
Avatrade,GBP/AUD Rolling Spot FX,https://www.avatrade.com/trading-info/trading-conditions,,
Avatrade,NZD/CHF Rolling Spot FX,https://www.avatrade.com/trading-info/trading-conditions,,
Avatrade,GBP/NZD Rolling Spot FX,https://www.avatrade.com/trading-info/trading-conditions,,
Avatrade,NZD/CAD Rolling Spot FX,https://www.avatrade.com/trading-info/trading-conditions,,
Avatrade,AUD/CAD Rolling Spot FX,https://www.avatrade.com/trading-info/trading-conditions,,
Avatrade,USD/SGD Rolling Spot FX,https://www.avatrade.com/trading-info/trading-conditions,,
Avatrade,AUD/CHF Rolling Spot FX,https://www.avatrade.com/trading-info/trading-conditions,,
Avatrade,EUR/CAD Rolling Spot FX,https://www.avatrade.com/trading-info/trading-conditions,,
Avatrade,GBP/CHF Rolling Spot FX,https://www.avatrade.com/trading-info/trading-conditions,,
Avatrade,NZD/JPY Rolling Spot FX,https://www.avatrade.com/trading-info/trading-conditions,,
Avatrade,EUR/AUD Rolling Spot FX,https://www.avatrade.com/trading-info/trading-conditions,,
Avatrade,EUR/USD Rolling Spot FX,https://www.avatrade.com/trading-info/trading-conditions,,
Avatrade,CHF/HUF Rolling Spot FX,https://www.avatrade.com/trading-info/trading-conditions,,
Avatrade,AUD/JPY Rolling Spot FX,https://www.avatrade.com/trading-info/trading-conditions,,
Avatrade,CHF/JPY Rolling Spot FX,https://www.avatrade.com/trading-info/trading-conditions,,
Avatrade,EUR/CHF Rolling Spot FX,https://www.avatrade.com/trading-info/trading-conditions,,
Avatrade,GBP/JPY Rolling Spot FX,https://www.avatrade.com/trading-info/trading-conditions,,
Avatrade,NZD/USD Rolling Spot FX,https://www.avatrade.com/trading-info/trading-conditions,,
Avatrade,EUR/GBP Rolling Spot FX,https://www.avatrade.com/trading-info/trading-conditions,,
Avatrade,AUD/USD Rolling Spot FX,https://www.avatrade.com/trading-info/trading-conditions,,
Avatrade,EUR/JPY Rolling Spot FX,https://www.avatrade.com/trading-info/trading-conditions,,
Avatrade,USD/CHF Rolling Spot FX,https://www.avatrade.com/trading-info/trading-conditions,,
Avatrade,USD/CAD Rolling Spot FX,https://www.avatrade.com/trading-info/trading-conditions,,
Avatrade,UK100 Equity Index CFD,https://www.avatrade.com/trading-info/trading-conditions,,
Avatrade,GBP/SGD Rolling Spot FX,https://www.avatrade.com/trading-info/trading-conditions,,
Avatrade,TESCO.UK,https://www.avatrade.com/trading-info/trading-conditions,,
Avatrade,USD/JPY Rolling Spot FX,https://www.avatrade.com/trading-info/trading-conditions,,
Avatrade,FTSE MIB  Equity Index CFD,https://www.avatrade.com/trading-info/trading-conditions,,
Avatrade,EUR/RUB Rolling Spot FX,https://www.avatrade.com/trading-info/trading-conditions,,
Avatrade,USD/RUB Rolling Spot FX,https://www.avatrade.com/trading-info/trading-conditions,,
Avatrade,GENERALI ASSICURAZIONI,https://www.avatrade.com/trading-info/trading-conditions,,
Avatrade,SAIPEM.IT,https://www.avatrade.com/trading-info/trading-conditions,,
Avatrade,SCHWAB (CHARLES) CORP,https://www.avatrade.com/trading-info/trading-conditions,,
Avatrade,SCHLUMBERGER LTD,https://www.avatrade.com/trading-info/trading-conditions,,
Avatrade,MICRON TECHNOLOGY INC,https://www.avatrade.com/trading-info/trading-conditions,,
Avatrade,BOSTON SCIENTIFIC CORP,https://www.avatrade.com/trading-info/trading-conditions,,
Avatrade,BANK OF NEW YORK MELLON CORP,https://www.avatrade.com/trading-info/trading-conditions,,
Avatrade,COMCAST CORP-CLASS A,https://www.avatrade.com/trading-info/trading-conditions,,
Avatrade,BRISTOL-MYERS SQUIBB CO,https://www.avatrade.com/trading-info/trading-conditions,,
Avatrade,WELLS FARGO & CO,https://www.avatrade.com/trading-info/trading-conditions,,
Avatrade,ALTRIA GROUP INC,https://www.avatrade.com/trading-info/trading-conditions,,
Avatrade,OCCIDENTAL PETROLEUM CORP,https://www.avatrade.com/trading-info/trading-conditions,,
Avatrade,EXELON CORP,https://www.avatrade.com/trading-info/trading-conditions,,
Avatrade,US BANCORP,https://www.avatrade.com/trading-info/trading-conditions,,
Avatrade,CVS HEALTH CORP,https://www.avatrade.com/trading-info/trading-conditions,,
Avatrade,TJX COMPANIES INC,https://www.avatrade.com/trading-info/trading-conditions,,
Avatrade,MONDELEZ INTERNATIONAL INC-A,https://www.avatrade.com/trading-info/trading-conditions,,
Avatrade,WALGREENS BOOTS ALLIANCE INC,https://www.avatrade.com/trading-info/trading-conditions,,
Avatrade,SOUTHERN CO/THE,https://www.avatrade.com/trading-info/trading-conditions,,
Avatrade,ORACLE CORP,https://www.avatrade.com/trading-info/trading-conditions,,
Avatrade,CONOCOPHILLIPS,https://www.avatrade.com/trading-info/trading-conditions,,
Avatrade,GILEAD SCIENCES INC,https://www.avatrade.com/trading-info/trading-conditions,,
Avatrade,ABBVIE INC,https://www.avatrade.com/trading-info/trading-conditions,,
Avatrade,COLGATE-PALMOLIVE CO,https://www.avatrade.com/trading-info/trading-conditions,,
Avatrade,QUALCOMM INC,https://www.avatrade.com/trading-info/trading-conditions,,
Avatrade,CSX CORP,https://www.avatrade.com/trading-info/trading-conditions,,
Avatrade,DOMINION ENERGY INC,https://www.avatrade.com/trading-info/trading-conditions,,
Avatrade,T-MOBILE US INC,https://www.avatrade.com/trading-info/trading-conditions,,
Avatrade,PHILIP MORRIS INTERNATIONAL,https://www.avatrade.com/trading-info/trading-conditions,,
Avatrade,PROLOGIS INC,https://www.avatrade.com/trading-info/trading-conditions,,
Avatrade,MERCK & CO. INC,https://www.avatrade.com/trading-info/trading-conditions,,
Avatrade,ABBOTT LABORATORIES,https://www.avatrade.com/trading-info/trading-conditions,,
Avatrade,EOG RESOURCES INC,https://www.avatrade.com/trading-info/trading-conditions,,
Avatrade,DUKE ENERGY CORP,https://www.avatrade.com/trading-info/trading-conditions,,
Avatrade,INTERCONTINENTAL EXCHANGE IN,https://www.avatrade.com/trading-info/trading-conditions,,
Avatrade,CELGENE CORP,https://www.avatrade.com/trading-info/trading-conditions,,
Avatrade,UNITED PARCEL SERVICE-CL B,https://www.avatrade.com/trading-info/trading-conditions,,
Avatrade,MARSH & MCLENNAN COS,https://www.avatrade.com/trading-info/trading-conditions,,
Avatrade,LOWE'S COS INC,https://www.avatrade.com/trading-info/trading-conditions,,
Avatrade,ELI LILLY & CO,https://www.avatrade.com/trading-info/trading-conditions,,
Avatrade,BAIDU INC - SPON ADR,https://www.avatrade.com/trading-info/trading-conditions,,
Avatrade,ZOETIS INC,https://www.avatrade.com/trading-info/trading-conditions,,
Avatrade,TEXAS INSTRUMENTS INC,https://www.avatrade.com/trading-info/trading-conditions,,
Avatrade,WASTE MANAGEMENT INC,https://www.avatrade.com/trading-info/trading-conditions,,
Avatrade,PAYPAL HOLDINGS INC,https://www.avatrade.com/trading-info/trading-conditions,,
Avatrade,PEPSICO INC,https://www.avatrade.com/trading-info/trading-conditions,,
Avatrade,CROWN CASTLE INTL CORP,https://www.avatrade.com/trading-info/trading-conditions,,
Avatrade,HCA HEALTHCARE INC,https://www.avatrade.com/trading-info/trading-conditions,,
Avatrade,MARRIOTT INTERNATIONAL -CL A,https://www.avatrade.com/trading-info/trading-conditions,,
Avatrade,IBM,https://www.avatrade.com/trading-info/trading-conditions,,
Avatrade,PNC FINANCIAL SERVICES GROUP,https://www.avatrade.com/trading-info/trading-conditions,,
Avatrade,DANAHER CORP,https://www.avatrade.com/trading-info/trading-conditions,,
Avatrade,ILLINOIS TOOL WORKS,https://www.avatrade.com/trading-info/trading-conditions,,
Avatrade,CHUBB LTD,https://www.avatrade.com/trading-info/trading-conditions,,
Avatrade,SALESFORCE.COM INC,https://www.avatrade.com/trading-info/trading-conditions,,
Avatrade,CIGNA CORP,https://www.avatrade.com/trading-info/trading-conditions,,
Avatrade,NVIDIA CORP,https://www.avatrade.com/trading-info/trading-conditions,,
Avatrade,FEDEX CORP,https://www.avatrade.com/trading-info/trading-conditions,,
Avatrade,DEERE & CO,https://www.avatrade.com/trading-info/trading-conditions,,
Avatrade,SIMON PROPERTY GROUP INC,https://www.avatrade.com/trading-info/trading-conditions,,
Avatrade,AUTOMATIC DATA PROCESSING,https://www.avatrade.com/trading-info/trading-conditions,,
Avatrade,ALLERGAN PLC,https://www.avatrade.com/trading-info/trading-conditions,,
Avatrade,3M CO,https://www.avatrade.com/trading-info/trading-conditions,,
Avatrade,UNION PACIFIC CORP,https://www.avatrade.com/trading-info/trading-conditions,,
Avatrade,RAYTHEON COMPANY,https://www.avatrade.com/trading-info/trading-conditions,,
Avatrade,HONEYWELL INTERNATIONAL INC,https://www.avatrade.com/trading-info/trading-conditions,,
Avatrade,VERTEX PHARMACEUTICALS INC,https://www.avatrade.com/trading-info/trading-conditions,,
Avatrade,AMGEN INC,https://www.avatrade.com/trading-info/trading-conditions,,
Avatrade,GENERAL DYNAMICS CORP,https://www.avatrade.com/trading-info/trading-conditions,,
Avatrade,ESTEE LAUDER COMPANIES-CL A,https://www.avatrade.com/trading-info/trading-conditions,,
Avatrade,ASML HOLDING NV-NY REG SHS,https://www.avatrade.com/trading-info/trading-conditions,,
Avatrade,ACCENTURE PLC-CL A,https://www.avatrade.com/trading-info/trading-conditions,,
Avatrade,NORFOLK SOUTHERN CORP,https://www.avatrade.com/trading-info/trading-conditions,,
Avatrade,ECOLAB INC,https://www.avatrade.com/trading-info/trading-conditions,,
Avatrade,LINDE PLC,https://www.avatrade.com/trading-info/trading-conditions,,
Avatrade,CME GROUP INC,https://www.avatrade.com/trading-info/trading-conditions,,
Avatrade,NEXTERA ENERGY INC,https://www.avatrade.com/trading-info/trading-conditions,,
Avatrade,STRYKER CORP,https://www.avatrade.com/trading-info/trading-conditions,,
Avatrade,HOME DEPOT INC,https://www.avatrade.com/trading-info/trading-conditions,,
Avatrade,AMERICAN TOWER CORP,https://www.avatrade.com/trading-info/trading-conditions,,
Avatrade,WORKDAY INC-CLASS A,https://www.avatrade.com/trading-info/trading-conditions,,
Avatrade,BIOGEN INC,https://www.avatrade.com/trading-info/trading-conditions,,
Avatrade,S&P GLOBAL INC,https://www.avatrade.com/trading-info/trading-conditions,,
Avatrade,BECTON DICKINSON AND CO,https://www.avatrade.com/trading-info/trading-conditions,,
Avatrade,COSTCO WHOLESALE CORP,https://www.avatrade.com/trading-info/trading-conditions,,
Avatrade,INTUIT INC,https://www.avatrade.com/trading-info/trading-conditions,,
Avatrade,BROADCOM INC,https://www.avatrade.com/trading-info/trading-conditions,,
Avatrade,ANTHEM INC,https://www.avatrade.com/trading-info/trading-conditions,,
Avatrade,REGENERON PHARMACEUTICALS,https://www.avatrade.com/trading-info/trading-conditions,,
Avatrade,THERMO FISHER SCIENTIFIC INC,https://www.avatrade.com/trading-info/trading-conditions,,
Avatrade,ADOBE INC,https://www.avatrade.com/trading-info/trading-conditions,,
Avatrade,NORTHROP GRUMMAN CORP,https://www.avatrade.com/trading-info/trading-conditions,,
Avatrade,ILLUMINA INC,https://www.avatrade.com/trading-info/trading-conditions,,
Avatrade,CHARTER COMMUNICATIONS INC-A,https://www.avatrade.com/trading-info/trading-conditions,,
Avatrade,BLACKROCK INC,https://www.avatrade.com/trading-info/trading-conditions,,
Avatrade,INTUITIVE SURGICAL INC,https://www.avatrade.com/trading-info/trading-conditions,,
Avatrade,BOOKING HOLDINGS INC,https://www.avatrade.com/trading-info/trading-conditions,,
Avatrade,CANOPY GROWTH CORP,https://www.avatrade.com/trading-info/trading-conditions,,
Avatrade,KRAFT HEINZ CO,https://www.avatrade.com/trading-info/trading-conditions,,
Avatrade,TARGET CORP,https://www.avatrade.com/trading-info/trading-conditions,,
Avatrade,EBAY INC,https://www.avatrade.com/trading-info/trading-conditions,,
Avatrade,DELTA AIR LINES INC,https://www.avatrade.com/trading-info/trading-conditions,,
Avatrade,BP,https://www.avatrade.com/trading-info/trading-conditions,,
Avatrade,AIRBUS,https://www.avatrade.com/trading-info/trading-conditions,,
Avatrade,UNITEDHEALTH GROUP INC,https://www.avatrade.com/trading-info/trading-conditions,,
Avatrade,WELLS FARGO & CO,https://www.avatrade.com/trading-info/trading-conditions,,
Avatrade,MERCK & CO. INC,https://www.avatrade.com/trading-info/trading-conditions,,
Avatrade,HOME DEPOT INC,https://www.avatrade.com/trading-info/trading-conditions,,
Avatrade,ORACLE CORP,https://www.avatrade.com/trading-info/trading-conditions,,
Avatrade,COMCAST CORP-CLASS A,https://www.avatrade.com/trading-info/trading-conditions,,
Avatrade,PEPSICO INC,https://www.avatrade.com/trading-info/trading-conditions,,
Avatrade,ABBOTT LABORATORIES,https://www.avatrade.com/trading-info/trading-conditions,,
Avatrade,PHILIP MORRIS INTERNATIONAL,https://www.avatrade.com/trading-info/trading-conditions,,
Avatrade,ELI LILLY & CO,https://www.avatrade.com/trading-info/trading-conditions,,
Avatrade,ADOBE INC,https://www.avatrade.com/trading-info/trading-conditions,,
Avatrade,SALESFORCE.COM INC,https://www.avatrade.com/trading-info/trading-conditions,,
Avatrade,PAYPAL HOLDINGS INC,https://www.avatrade.com/trading-info/trading-conditions,,
Avatrade,ABBVIE INC,https://www.avatrade.com/trading-info/trading-conditions,,
Avatrade,UNION PACIFIC CORP,https://www.avatrade.com/trading-info/trading-conditions,,
Avatrade,3M CO,https://www.avatrade.com/trading-info/trading-conditions,,
Avatrade,BROADCOM INC,https://www.avatrade.com/trading-info/trading-conditions,,
Avatrade,AMGEN INC,https://www.avatrade.com/trading-info/trading-conditions,,
Avatrade,HONEYWELL INTERNATIONAL INC,https://www.avatrade.com/trading-info/trading-conditions,,
Avatrade,ACCENTURE PLC-CL A,https://www.avatrade.com/trading-info/trading-conditions,,
Avatrade,NVIDIA CORP,https://www.avatrade.com/trading-info/trading-conditions,,
Avatrade,THERMO FISHER SCIENTIFIC INC,https://www.avatrade.com/trading-info/trading-conditions,,
Avatrade,ALTRIA GROUP INC,https://www.avatrade.com/trading-info/trading-conditions,,
Avatrade,COSTCO WHOLESALE CORP,https://www.avatrade.com/trading-info/trading-conditions,,
Avatrade,TEXAS INSTRUMENTS INC,https://www.avatrade.com/trading-info/trading-conditions,,
Avatrade,LINDE PLC,https://www.avatrade.com/trading-info/trading-conditions,,
Avatrade,UNITED PARCEL SERVICE-CL B,https://www.avatrade.com/trading-info/trading-conditions,,
Avatrade,DANAHER CORP,https://www.avatrade.com/trading-info/trading-conditions,,
Avatrade,NEXTERA ENERGY INC,https://www.avatrade.com/trading-info/trading-conditions,,
Avatrade,LOWE'S COS INC,https://www.avatrade.com/trading-info/trading-conditions,,
Avatrade,CHARTER COMMUNICATIONS INC-A,https://www.avatrade.com/trading-info/trading-conditions,,
Avatrade,AMERICAN TOWER CORP,https://www.avatrade.com/trading-info/trading-conditions,,
Avatrade,GILEAD SCIENCES INC,https://www.avatrade.com/trading-info/trading-conditions,,
Avatrade,ASML HOLDING NV-NY REG SHS,https://www.avatrade.com/trading-info/trading-conditions,,
Avatrade,BOOKING HOLDINGS INC,https://www.avatrade.com/trading-info/trading-conditions,,
Avatrade,US BANCORP,https://www.avatrade.com/trading-info/trading-conditions,,
Avatrade,BRISTOL-MYERS SQUIBB CO,https://www.avatrade.com/trading-info/trading-conditions,,
Avatrade,CONOCOPHILLIPS,https://www.avatrade.com/trading-info/trading-conditions,,
Avatrade,ANTHEM INC,https://www.avatrade.com/trading-info/trading-conditions,,
Avatrade,STRYKER CORP,https://www.avatrade.com/trading-info/trading-conditions,,
Avatrade,MONDELEZ INTERNATIONAL INC-A,https://www.avatrade.com/trading-info/trading-conditions,,
Avatrade,AUTOMATIC DATA PROCESSING,https://www.avatrade.com/trading-info/trading-conditions,,
Avatrade,QUALCOMM INC,https://www.avatrade.com/trading-info/trading-conditions,,
Avatrade,INTUIT INC,https://www.avatrade.com/trading-info/trading-conditions,,
Avatrade,BLACKROCK INC,https://www.avatrade.com/trading-info/trading-conditions,,
Avatrade,CVS HEALTH CORP,https://www.avatrade.com/trading-info/trading-conditions,,
Avatrade,BECTON DICKINSON AND CO,https://www.avatrade.com/trading-info/trading-conditions,,
Avatrade,INTUITIVE SURGICAL INC,https://www.avatrade.com/trading-info/trading-conditions,,
Avatrade,CELGENE CORP,https://www.avatrade.com/trading-info/trading-conditions,,
Avatrade,TJX COMPANIES INC,https://www.avatrade.com/trading-info/trading-conditions,,
Avatrade,DUKE ENERGY CORP,https://www.avatrade.com/trading-info/trading-conditions,,
Avatrade,CHUBB LTD,https://www.avatrade.com/trading-info/trading-conditions,,
Avatrade,CSX CORP,https://www.avatrade.com/trading-info/trading-conditions,,
Avatrade,SCHLUMBERGER LTD,https://www.avatrade.com/trading-info/trading-conditions,,
Avatrade,DOMINION ENERGY INC,https://www.avatrade.com/trading-info/trading-conditions,,
Avatrade,CIGNA CORP,https://www.avatrade.com/trading-info/trading-conditions,,
Avatrade,CME GROUP INC,https://www.avatrade.com/trading-info/trading-conditions,,
Avatrade,BAIDU INC - SPON ADR,https://www.avatrade.com/trading-info/trading-conditions,,
Avatrade,T-MOBILE US INC,https://www.avatrade.com/trading-info/trading-conditions,,
Avatrade,SCHWAB (CHARLES) CORP,https://www.avatrade.com/trading-info/trading-conditions,,
Avatrade,ESTEE LAUDER COMPANIES-CL A,https://www.avatrade.com/trading-info/trading-conditions,,
Avatrade,COLGATE-PALMOLIVE CO,https://www.avatrade.com/trading-info/trading-conditions,,
Avatrade,PNC FINANCIAL SERVICES GROUP,https://www.avatrade.com/trading-info/trading-conditions,,
Avatrade,SIMON PROPERTY GROUP INC,https://www.avatrade.com/trading-info/trading-conditions,,
Avatrade,EOG RESOURCES INC,https://www.avatrade.com/trading-info/trading-conditions,,
Avatrade,BOSTON SCIENTIFIC CORP,https://www.avatrade.com/trading-info/trading-conditions,,
Avatrade,SOUTHERN CO/THE,https://www.avatrade.com/trading-info/trading-conditions,,
Avatrade,CROWN CASTLE INTL CORP,https://www.avatrade.com/trading-info/trading-conditions,,
Avatrade,S&P GLOBAL INC,https://www.avatrade.com/trading-info/trading-conditions,,
Avatrade,RAYTHEON COMPANY,https://www.avatrade.com/trading-info/trading-conditions,,
Avatrade,DEERE & CO,https://www.avatrade.com/trading-info/trading-conditions,,
Avatrade,NORFOLK SOUTHERN CORP,https://www.avatrade.com/trading-info/trading-conditions,,
Avatrade,ECOLAB INC,https://www.avatrade.com/trading-info/trading-conditions,,
Avatrade,WALGREENS BOOTS ALLIANCE INC,https://www.avatrade.com/trading-info/trading-conditions,,
Avatrade,OCCIDENTAL PETROLEUM CORP,https://www.avatrade.com/trading-info/trading-conditions,,
Avatrade,GENERAL DYNAMICS CORP,https://www.avatrade.com/trading-info/trading-conditions,,
Avatrade,BANK OF NEW YORK MELLON CORP,https://www.avatrade.com/trading-info/trading-conditions,,
Avatrade,ZOETIS INC,https://www.avatrade.com/trading-info/trading-conditions,,
Avatrade,EXELON CORP,https://www.avatrade.com/trading-info/trading-conditions,,
Avatrade,ALLERGAN PLC,https://www.avatrade.com/trading-info/trading-conditions,,
Avatrade,ILLINOIS TOOL WORKS,https://www.avatrade.com/trading-info/trading-conditions,,
Avatrade,FEDEX CORP,https://www.avatrade.com/trading-info/trading-conditions,,
Avatrade,MARSH & MCLENNAN COS,https://www.avatrade.com/trading-info/trading-conditions,,
Avatrade,VERTEX PHARMACEUTICALS INC,https://www.avatrade.com/trading-info/trading-conditions,,
Avatrade,MICRON TECHNOLOGY INC,https://www.avatrade.com/trading-info/trading-conditions,,
Avatrade,NORTHROP GRUMMAN CORP,https://www.avatrade.com/trading-info/trading-conditions,,
Avatrade,ILLUMINA INC,https://www.avatrade.com/trading-info/trading-conditions,,
Avatrade,PROLOGIS INC,https://www.avatrade.com/trading-info/trading-conditions,,
Avatrade,BIOGEN INC,https://www.avatrade.com/trading-info/trading-conditions,,
Avatrade,KINDER MORGAN INC,https://www.avatrade.com/trading-info/trading-conditions,,
Avatrade,REGENERON PHARMACEUTICALS,https://www.avatrade.com/trading-info/trading-conditions,,
Avatrade,HCA HEALTHCARE INC,https://www.avatrade.com/trading-info/trading-conditions,,
Avatrade,WASTE MANAGEMENT INC,https://www.avatrade.com/trading-info/trading-conditions,,
Avatrade,JD.COM INC-ADR,https://www.avatrade.com/trading-info/trading-conditions,,
Avatrade,INTERCONTINENTAL EXCHANGE IN,https://www.avatrade.com/trading-info/trading-conditions,,
Avatrade,MARRIOTT INTERNATIONAL -CL A,https://www.avatrade.com/trading-info/trading-conditions,,
Avatrade,WORKDAY INC-CLASS A,https://www.avatrade.com/trading-info/trading-conditions,,
Avatrade,EMERSON ELECTRIC CO,https://www.avatrade.com/trading-info/trading-conditions,,
Avatrade,PHILLIPS 66,https://www.avatrade.com/trading-info/trading-conditions,,
Avatrade,PROGRESSIVE CORP,https://www.avatrade.com/trading-info/trading-conditions,,
Avatrade,KIMBERLY-CLARK CORP,https://www.avatrade.com/trading-info/trading-conditions,,
Avatrade,METLIFE INC,https://www.avatrade.com/trading-info/trading-conditions,,
Avatrade,DOW INC,https://www.avatrade.com/trading-info/trading-conditions,,
Avatrade,AIR PRODUCTS & CHEMICALS INC,https://www.avatrade.com/trading-info/trading-conditions,,
Avatrade,BAXTER INTERNATIONAL INC,https://www.avatrade.com/trading-info/trading-conditions,,
Avatrade,AON PLC,https://www.avatrade.com/trading-info/trading-conditions,,
Avatrade,TARGET CORP,https://www.avatrade.com/trading-info/trading-conditions,,
Avatrade,AMERICAN ELECTRIC POWER,https://www.avatrade.com/trading-info/trading-conditions,,
Avatrade,SHERWIN-WILLIAMS CO/THE,https://www.avatrade.com/trading-info/trading-conditions,,
Avatrade,MARATHON PETROLEUM CORP,https://www.avatrade.com/trading-info/trading-conditions,,
Avatrade,ANALOG DEVICES INC,https://www.avatrade.com/trading-info/trading-conditions,,
Avatrade,CAPITAL ONE FINANCIAL CORP,https://www.avatrade.com/trading-info/trading-conditions,,
Avatrade,EDWARDS LIFESCIENCES CORP,https://www.avatrade.com/trading-info/trading-conditions,,
Avatrade,KRAFT HEINZ CO/THE,https://www.avatrade.com/trading-info/trading-conditions,,
Avatrade,APPLIED MATERIALS INC,https://www.avatrade.com/trading-info/trading-conditions,,
Avatrade,PRUDENTIAL FINANCIAL INC,https://www.avatrade.com/trading-info/trading-conditions,,
Avatrade,EQUINIX INC,https://www.avatrade.com/trading-info/trading-conditions,,
Avatrade,AMERICAN INTERNATIONAL GROUP,https://www.avatrade.com/trading-info/trading-conditions,,
Avatrade,DELTA AIR LINES INC,https://www.avatrade.com/trading-info/trading-conditions,,
Avatrade,BB&T CORP,https://www.avatrade.com/trading-info/trading-conditions,,
Avatrade,AFLAC INC,https://www.avatrade.com/trading-info/trading-conditions,,
Avatrade,FIDELITY NATIONAL INFO SERV,https://www.avatrade.com/trading-info/trading-conditions,,
Avatrade,ACTIVISION BLIZZARD INC,https://www.avatrade.com/trading-info/trading-conditions,,
Avatrade,ROPER TECHNOLOGIES INC,https://www.avatrade.com/trading-info/trading-conditions,,
Avatrade,AUTODESK INC,https://www.avatrade.com/trading-info/trading-conditions,,
Avatrade,TRAVELERS COS INC/THE,https://www.avatrade.com/trading-info/trading-conditions,,
Avatrade,FORD MOTOR CO,https://www.avatrade.com/trading-info/trading-conditions,,
Avatrade,CARNIVAL CORP,https://www.avatrade.com/trading-info/trading-conditions,,
Avatrade,HUMANA INC,https://www.avatrade.com/trading-info/trading-conditions,,
Avatrade,WILLIAMS COS INC,https://www.avatrade.com/trading-info/trading-conditions,,
Avatrade,VALERO ENERGY CORP,https://www.avatrade.com/trading-info/trading-conditions,,
Avatrade,FISERV INC,https://www.avatrade.com/trading-info/trading-conditions,,
Avatrade,EATON CORP PLC,https://www.avatrade.com/trading-info/trading-conditions,,
Avatrade,MOODY'S CORP,https://www.avatrade.com/trading-info/trading-conditions,,
Avatrade,SEMPRA ENERGY,https://www.avatrade.com/trading-info/trading-conditions,,
Avatrade,EBAY INC,https://www.avatrade.com/trading-info/trading-conditions,,
Avatrade,ROSS STORES INC,https://www.avatrade.com/trading-info/trading-conditions,,
Avatrade,VF CORP,https://www.avatrade.com/trading-info/trading-conditions,,
Avatrade,SYSCO CORP,https://www.avatrade.com/trading-info/trading-conditions,,
Avatrade,NETEASE INC-ADR,https://www.avatrade.com/trading-info/trading-conditions,,
Avatrade,XILINX INC,https://www.avatrade.com/trading-info/trading-conditions,,
Avatrade,ALLSTATE CORP,https://www.avatrade.com/trading-info/trading-conditions,,
Avatrade,ALEXION PHARMACEUTICALS INC,https://www.avatrade.com/trading-info/trading-conditions,,
Avatrade,WELLTOWER INC,https://www.avatrade.com/trading-info/trading-conditions,,
Avatrade,O'REILLY AUTOMOTIVE INC,https://www.avatrade.com/trading-info/trading-conditions,,
Avatrade,YUM! BRANDS INC,https://www.avatrade.com/trading-info/trading-conditions,,
Avatrade,DOLLAR GENERAL CORP,https://www.avatrade.com/trading-info/trading-conditions,,
Avatrade,GENERAL MILLS INC,https://www.avatrade.com/trading-info/trading-conditions,,
Avatrade,NXP SEMICONDUCTORS NV,https://www.avatrade.com/trading-info/trading-conditions,,
Avatrade,HP INC,https://www.avatrade.com/trading-info/trading-conditions,,
Avatrade,PUBLIC SERVICE ENTERPRISE GP,https://www.avatrade.com/trading-info/trading-conditions,,
Avatrade,AMPHENOL CORP-CL A,https://www.avatrade.com/trading-info/trading-conditions,,
Avatrade,SOUTHWEST AIRLINES CO,https://www.avatrade.com/trading-info/trading-conditions,,
Avatrade,PAYCHEX INC,https://www.avatrade.com/trading-info/trading-conditions,,
Avatrade,MONSTER BEVERAGE CORP,https://www.avatrade.com/trading-info/trading-conditions,,
Avatrade,ADVANCED MICRO DEVICES,https://www.avatrade.com/trading-info/trading-conditions,,
Avatrade,ONEOK INC,https://www.avatrade.com/trading-info/trading-conditions,,
Avatrade,FORTIVE CORP,https://www.avatrade.com/trading-info/trading-conditions,,
Avatrade,SIRIUS XM HOLDINGS INC,https://www.avatrade.com/trading-info/trading-conditions,,
Avatrade,XCEL ENERGY INC,https://www.avatrade.com/trading-info/trading-conditions,,
Avatrade,TE CONNECTIVITY LTD,https://www.avatrade.com/trading-info/trading-conditions,,
Avatrade,IQVIA HOLDINGS INC,https://www.avatrade.com/trading-info/trading-conditions,,
Avatrade,LAM RESEARCH CORP,https://www.avatrade.com/trading-info/trading-conditions,,
Avatrade,AVALONBAY COMMUNITIES INC,https://www.avatrade.com/trading-info/trading-conditions,,
Avatrade,EQUITY RESIDENTIAL,https://www.avatrade.com/trading-info/trading-conditions,,
Avatrade,BAKER HUGHES A GE CO,https://www.avatrade.com/trading-info/trading-conditions,,
Avatrade,SUNTRUST BANKS INC,https://www.avatrade.com/trading-info/trading-conditions,,
Avatrade,CONSOLIDATED EDISON INC,https://www.avatrade.com/trading-info/trading-conditions,,
Avatrade,PPG INDUSTRIES INC,https://www.avatrade.com/trading-info/trading-conditions,,
Avatrade,CORNING INC,https://www.avatrade.com/trading-info/trading-conditions,,
Avatrade,DIGITAL REALTY TRUST INC,https://www.avatrade.com/trading-info/trading-conditions,,
Avatrade,HALLIBURTON CO,https://www.avatrade.com/trading-info/trading-conditions,,
Avatrade,ZIMMER BIOMET HOLDINGS INC,https://www.avatrade.com/trading-info/trading-conditions,,
Avatrade,AUTOZONE INC,https://www.avatrade.com/trading-info/trading-conditions,,
Avatrade,STATE STREET CORP,https://www.avatrade.com/trading-info/trading-conditions,,
Avatrade,TYSON FOODS INC-CL A,https://www.avatrade.com/trading-info/trading-conditions,,
Avatrade,PIONEER NATURAL RESOURCES CO,https://www.avatrade.com/trading-info/trading-conditions,,
Avatrade,HILTON WORLDWIDE HOLDINGS IN,https://www.avatrade.com/trading-info/trading-conditions,,
Avatrade,DOLLAR TREE INC,https://www.avatrade.com/trading-info/trading-conditions,,
Avatrade,CTRIP.COM INTERNATIONAL-ADR,https://www.avatrade.com/trading-info/trading-conditions,,
Avatrade,WEC ENERGY GROUP INC,https://www.avatrade.com/trading-info/trading-conditions,,
Avatrade,T ROWE PRICE GROUP INC,https://www.avatrade.com/trading-info/trading-conditions,,
Avatrade,TRANSDIGM GROUP INC,https://www.avatrade.com/trading-info/trading-conditions,,
Avatrade,ROYAL CARIBBEAN CRUISES LTD,https://www.avatrade.com/trading-info/trading-conditions,,
Avatrade,MERCADOLIBRE INC,https://www.avatrade.com/trading-info/trading-conditions,,
Avatrade,ARISTA NETWORKS INC,https://www.avatrade.com/trading-info/trading-conditions,,
Avatrade,DISCOVER FINANCIAL SERVICES,https://www.avatrade.com/trading-info/trading-conditions,,
Avatrade,HERSHEY CO/THE,https://www.avatrade.com/trading-info/trading-conditions,,
Avatrade,PACCAR INC,https://www.avatrade.com/trading-info/trading-conditions,,
Avatrade,ARCHER-DANIELS-MIDLAND CO,https://www.avatrade.com/trading-info/trading-conditions,,
Avatrade,ALIGN TECHNOLOGY INC,https://www.avatrade.com/trading-info/trading-conditions,,
Avatrade,MOTOROLA SOLUTIONS INC,https://www.avatrade.com/trading-info/trading-conditions,,
Avatrade,HORMEL FOODS CORP,https://www.avatrade.com/trading-info/trading-conditions,,
Avatrade,SYNCHRONY FINANCIAL,https://www.avatrade.com/trading-info/trading-conditions,,
Avatrade,PARKER HANNIFIN CORP,https://www.avatrade.com/trading-info/trading-conditions,,
Avatrade,WILLIS TOWERS WATSON PLC,https://www.avatrade.com/trading-info/trading-conditions,,
Avatrade,PPL CORP,https://www.avatrade.com/trading-info/trading-conditions,,
Avatrade,VENTAS INC,https://www.avatrade.com/trading-info/trading-conditions,,
Avatrade,ANADARKO PETROLEUM CORP,https://www.avatrade.com/trading-info/trading-conditions,,
Avatrade,DTE ENERGY COMPANY,https://www.avatrade.com/trading-info/trading-conditions,,
Avatrade,SBA COMMUNICATIONS CORP,https://www.avatrade.com/trading-info/trading-conditions,,
Avatrade,EVERSOURCE ENERGY,https://www.avatrade.com/trading-info/trading-conditions,,
Avatrade,M & T BANK CORP,https://www.avatrade.com/trading-info/trading-conditions,,
Avatrade,CONCHO RESOURCES INC,https://www.avatrade.com/trading-info/trading-conditions,,
Avatrade,VERISIGN INC,https://www.avatrade.com/trading-info/trading-conditions,,
Avatrade,FOX CORP - CLASS A,https://www.avatrade.com/trading-info/trading-conditions,,
Avatrade,CENTENE CORP,https://www.avatrade.com/trading-info/trading-conditions,,
Avatrade,UNITED CONTINENTAL HOLDINGS,https://www.avatrade.com/trading-info/trading-conditions,,
Avatrade,VERISK ANALYTICS INC,https://www.avatrade.com/trading-info/trading-conditions,,
Avatrade,REALTY INCOME CORP,https://www.avatrade.com/trading-info/trading-conditions,,
Avatrade,MCKESSON CORP,https://www.avatrade.com/trading-info/trading-conditions,,
Avatrade,FIRSTENERGY CORP,https://www.avatrade.com/trading-info/trading-conditions,,
Avatrade,GLOBAL PAYMENTS INC,https://www.avatrade.com/trading-info/trading-conditions,,
Avatrade,IHS MARKIT LTD,https://www.avatrade.com/trading-info/trading-conditions,,
Avatrade,ROCKWELL AUTOMATION INC,https://www.avatrade.com/trading-info/trading-conditions,,
Avatrade,HEWLETT PACKARD ENTERPRISE,https://www.avatrade.com/trading-info/trading-conditions,,
Avatrade,LULULEMON ATHLETICA INC,https://www.avatrade.com/trading-info/trading-conditions,,
Avatrade,CINTAS CORP,https://www.avatrade.com/trading-info/trading-conditions,,
Avatrade,FLEETCOR TECHNOLOGIES INC,https://www.avatrade.com/trading-info/trading-conditions,,
Avatrade,APTIV PLC,https://www.avatrade.com/trading-info/trading-conditions,,
Avatrade,BOSTON PROPERTIES INC,https://www.avatrade.com/trading-info/trading-conditions,,
Avatrade,STANLEY BLACK & DECKER INC,https://www.avatrade.com/trading-info/trading-conditions,,
Avatrade,MICROCHIP TECHNOLOGY INC,https://www.avatrade.com/trading-info/trading-conditions,,
Avatrade,ULTA BEAUTY INC,https://www.avatrade.com/trading-info/trading-conditions,,
Avatrade,NORTHERN TRUST CORP,https://www.avatrade.com/trading-info/trading-conditions,,
Avatrade,FIFTH THIRD BANCORP,https://www.avatrade.com/trading-info/trading-conditions,,
Avatrade,CLOROX COMPANY,https://www.avatrade.com/trading-info/trading-conditions,,
Avatrade,KLA-TENCOR CORP,https://www.avatrade.com/trading-info/trading-conditions,,
Avatrade,MCCORMICK & CO-NON VTG SHRS,https://www.avatrade.com/trading-info/trading-conditions,,
Avatrade,WEYERHAEUSER CO,https://www.avatrade.com/trading-info/trading-conditions,,
Avatrade,CHIPOTLE MEXICAN GRILL INC,https://www.avatrade.com/trading-info/trading-conditions,,
Avatrade,BALL CORP,https://www.avatrade.com/trading-info/trading-conditions,,
Avatrade,KELLOGG CO,https://www.avatrade.com/trading-info/trading-conditions,,
Avatrade,IDEXX LABORATORIES INC,https://www.avatrade.com/trading-info/trading-conditions,,
Avatrade,ESSEX PROPERTY TRUST INC,https://www.avatrade.com/trading-info/trading-conditions,,
Avatrade,BEST BUY CO INC,https://www.avatrade.com/trading-info/trading-conditions,,
Avatrade,DISCOVERY INC-C,https://www.avatrade.com/trading-info/trading-conditions,,
Avatrade,HARRIS CORP,https://www.avatrade.com/trading-info/trading-conditions,,
Avatrade,NEWMONT MINING CORP,https://www.avatrade.com/trading-info/trading-conditions,,
Avatrade,AMETEK INC,https://www.avatrade.com/trading-info/trading-conditions,,
Avatrade,FREEPORT-MCMORAN INC,https://www.avatrade.com/trading-info/trading-conditions,,
Avatrade,KROGER CO,https://www.avatrade.com/trading-info/trading-conditions,,
Avatrade,FASTENAL CO,https://www.avatrade.com/trading-info/trading-conditions,,
Avatrade,INTERNATIONAL PAPER CO,https://www.avatrade.com/trading-info/trading-conditions,,
Avatrade,AMERICAN WATER WORKS CO INC,https://www.avatrade.com/trading-info/trading-conditions,,
Avatrade,INCYTE CORP,https://www.avatrade.com/trading-info/trading-conditions,,
Avatrade,CERNER CORP,https://www.avatrade.com/trading-info/trading-conditions,,
Avatrade,LIBERTY GLOBAL PLC-A,https://www.avatrade.com/trading-info/trading-conditions,,
Avatrade,AMERIPRISE FINANCIAL INC,https://www.avatrade.com/trading-info/trading-conditions,,
Avatrade,HESS CORP,https://www.avatrade.com/trading-info/trading-conditions,,
Avatrade,METTLER-TOLEDO INTERNATIONAL,https://www.avatrade.com/trading-info/trading-conditions,,
Avatrade,CADENCE DESIGN SYS INC,https://www.avatrade.com/trading-info/trading-conditions,,
Avatrade,NUCOR CORP,https://www.avatrade.com/trading-info/trading-conditions,,
Avatrade,ENTERGY CORP,https://www.avatrade.com/trading-info/trading-conditions,,
Avatrade,WATERS CORP,https://www.avatrade.com/trading-info/trading-conditions,,
Avatrade,CBS CORP-CLASS B NON VOTING,https://www.avatrade.com/trading-info/trading-conditions,,
Avatrade,AMEREN CORPORATION,https://www.avatrade.com/trading-info/trading-conditions,,
Avatrade,HARTFORD FINANCIAL SVCS GRP,https://www.avatrade.com/trading-info/trading-conditions,,
Avatrade,EXPEDIA GROUP INC,https://www.avatrade.com/trading-info/trading-conditions,,
Avatrade,CHURCH & DWIGHT CO INC,https://www.avatrade.com/trading-info/trading-conditions,,
Avatrade,SYNOPSYS INC,https://www.avatrade.com/trading-info/trading-conditions,,
Avatrade,NETAPP INC,https://www.avatrade.com/trading-info/trading-conditions,,
Avatrade,MSCI INC,https://www.avatrade.com/trading-info/trading-conditions,,
Avatrade,FRANKLIN RESOURCES INC,https://www.avatrade.com/trading-info/trading-conditions,,
Avatrade,WW GRAINGER INC,https://www.avatrade.com/trading-info/trading-conditions,,
Avatrade,DXC TECHNOLOGY CO,https://www.avatrade.com/trading-info/trading-conditions,,
Avatrade,TOTAL SYSTEM SERVICES INC,https://www.avatrade.com/trading-info/trading-conditions,,
Avatrade,CBRE GROUP INC - A,https://www.avatrade.com/trading-info/trading-conditions,,
Avatrade,DIAMONDBACK ENERGY INC,https://www.avatrade.com/trading-info/trading-conditions,,
Avatrade,KEYSIGHT TECHNOLOGIES IN,https://www.avatrade.com/trading-info/trading-conditions,,
Avatrade,GARMIN LTD,https://www.avatrade.com/trading-info/trading-conditions,,
Avatrade,L3 TECHNOLOGIES INC,https://www.avatrade.com/trading-info/trading-conditions,,
Avatrade,KEYCORP,https://www.avatrade.com/trading-info/trading-conditions,,
Avatrade,OMNICOM GROUP,https://www.avatrade.com/trading-info/trading-conditions,,
Avatrade,GENUINE PARTS CO,https://www.avatrade.com/trading-info/trading-conditions,,
Avatrade,BIOMARIN PHARMACEUTICAL INC,https://www.avatrade.com/trading-info/trading-conditions,,
Avatrade,ALEXANDRIA REAL ESTATE EQUIT,https://www.avatrade.com/trading-info/trading-conditions,,
Avatrade,VULCAN MATERIALS CO,https://www.avatrade.com/trading-info/trading-conditions,,
Avatrade,AMERISOURCEBERGEN CORP,https://www.avatrade.com/trading-info/trading-conditions,,
Avatrade,ANSYS INC,https://www.avatrade.com/trading-info/trading-conditions,,
Avatrade,CITIZENS FINANCIAL GROUP,https://www.avatrade.com/trading-info/trading-conditions,,
Avatrade,CMS ENERGY CORP,https://www.avatrade.com/trading-info/trading-conditions,,
Avatrade,DR HORTON INC,https://www.avatrade.com/trading-info/trading-conditions,,
Avatrade,DISH NETWORK CORP-A,https://www.avatrade.com/trading-info/trading-conditions,,
Avatrade,LENNAR CORP-A,https://www.avatrade.com/trading-info/trading-conditions,,
Avatrade,CENTERPOINT ENERGY INC,https://www.avatrade.com/trading-info/trading-conditions,,
Avatrade,REGIONS FINANCIAL CORP,https://www.avatrade.com/trading-info/trading-conditions,,
Avatrade,RESMED INC,https://www.avatrade.com/trading-info/trading-conditions,,
Avatrade,MAXIM INTEGRATED PRODUCTS,https://www.avatrade.com/trading-info/trading-conditions,,
Avatrade,HEALTHPEAK PROPERTIES INC,https://www.avatrade.com/trading-info/trading-conditions,,
Avatrade,AMERICAN AIRLINES GROUP INC,https://www.avatrade.com/trading-info/trading-conditions,,
Avatrade,NORTON LIFE LOCK,https://www.avatrade.com/trading-info/trading-conditions,,
Avatrade,NASDAQ INC,https://www.avatrade.com/trading-info/trading-conditions,,
Avatrade,COOPER COS INC/THE,https://www.avatrade.com/trading-info/trading-conditions,,
Avatrade,DARDEN RESTAURANTS INC,https://www.avatrade.com/trading-info/trading-conditions,,
Avatrade,WESTERN DIGITAL CORP,https://www.avatrade.com/trading-info/trading-conditions,,
Avatrade,FORTINET INC,https://www.avatrade.com/trading-info/trading-conditions,,
Avatrade,EQUIFAX INC,https://www.avatrade.com/trading-info/trading-conditions,,
Avatrade,SKYWORKS SOLUTIONS INC,https://www.avatrade.com/trading-info/trading-conditions,,
Avatrade,ARTHUR J GALLAGHER & CO,https://www.avatrade.com/trading-info/trading-conditions,,
Avatrade,WYNN RESORTS LTD,https://www.avatrade.com/trading-info/trading-conditions,,
Avatrade,EVERGY INC,https://www.avatrade.com/trading-info/trading-conditions,,
Avatrade,COPART INC,https://www.avatrade.com/trading-info/trading-conditions,,
Avatrade,XYLEM INC,https://www.avatrade.com/trading-info/trading-conditions,,
Avatrade,HOST HOTELS & RESORTS INC,https://www.avatrade.com/trading-info/trading-conditions,,
Avatrade,PRINCIPAL FINANCIAL GROUP,https://www.avatrade.com/trading-info/trading-conditions,,
Avatrade,MGM RESORTS INTERNATIONAL,https://www.avatrade.com/trading-info/trading-conditions,,
Avatrade,MYLAN NV,https://www.avatrade.com/trading-info/trading-conditions,,
Avatrade,CARDINAL HEALTH INC,https://www.avatrade.com/trading-info/trading-conditions,,
Avatrade,MARATHON OIL CORP,https://www.avatrade.com/trading-info/trading-conditions,,
Avatrade,CINCINNATI FINANCIAL CORP,https://www.avatrade.com/trading-info/trading-conditions,,
Avatrade,TELEFLEX INC,https://www.avatrade.com/trading-info/trading-conditions,,
Avatrade,DOVER CORP,https://www.avatrade.com/trading-info/trading-conditions,,
Avatrade,INTL FLAVORS & FRAGRANCES,https://www.avatrade.com/trading-info/trading-conditions,,
Avatrade,HUNTINGTON BANCSHARES INC,https://www.avatrade.com/trading-info/trading-conditions,,
Avatrade,WELLCARE HEALTH PLANS INC,https://www.avatrade.com/trading-info/trading-conditions,,
Avatrade,GARTNER INC,https://www.avatrade.com/trading-info/trading-conditions,,
Avatrade,ROLLINS INC,https://www.avatrade.com/trading-info/trading-conditions,,
Avatrade,DEVON ENERGY CORP,https://www.avatrade.com/trading-info/trading-conditions,,
Avatrade,SEAGATE TECHNOLOGY,https://www.avatrade.com/trading-info/trading-conditions,,
Avatrade,EXPEDITORS INTL WASH INC,https://www.avatrade.com/trading-info/trading-conditions,,
Avatrade,CONAGRA BRANDS INC,https://www.avatrade.com/trading-info/trading-conditions,,
Avatrade,JM SMUCKER CO/THE,https://www.avatrade.com/trading-info/trading-conditions,,
Avatrade,CITRIX SYSTEMS INC,https://www.avatrade.com/trading-info/trading-conditions,,
Avatrade,CENTURYLINK INC,https://www.avatrade.com/trading-info/trading-conditions,,
Avatrade,VORNADO REALTY TRUST,https://www.avatrade.com/trading-info/trading-conditions,,
Avatrade,MOLSON COORS BREWING CO -B,https://www.avatrade.com/trading-info/trading-conditions,,
Avatrade,CELANESE CORP,https://www.avatrade.com/trading-info/trading-conditions,,
Avatrade,EXTRA SPACE STORAGE INC,https://www.avatrade.com/trading-info/trading-conditions,,
Avatrade,TIFFANY & CO,https://www.avatrade.com/trading-info/trading-conditions,,
Avatrade,VARIAN MEDICAL SYSTEMS INC,https://www.avatrade.com/trading-info/trading-conditions,,
Avatrade,HOLOGIC INC,https://www.avatrade.com/trading-info/trading-conditions,,
Avatrade,APACHE CORP,https://www.avatrade.com/trading-info/trading-conditions,,
Avatrade,UDR INC,https://www.avatrade.com/trading-info/trading-conditions,,
Avatrade,MARTIN MARIETTA MATERIALS,https://www.avatrade.com/trading-info/trading-conditions,,
Avatrade,ABIOMED INC,https://www.avatrade.com/trading-info/trading-conditions,,
Avatrade,MID-AMERICA APARTMENT COMM,https://www.avatrade.com/trading-info/trading-conditions,,
Avatrade,LINCOLN NATIONAL CORP,https://www.avatrade.com/trading-info/trading-conditions,,
Avatrade,ADVANCE AUTO PARTS INC,https://www.avatrade.com/trading-info/trading-conditions,,
Avatrade,NOBLE ENERGY INC,https://www.avatrade.com/trading-info/trading-conditions,,
Avatrade,NORWEGIAN CRUISE LINE HOLDIN,https://www.avatrade.com/trading-info/trading-conditions,,
Avatrade,SVB FINANCIAL GROUP,https://www.avatrade.com/trading-info/trading-conditions,,
Avatrade,QUEST DIAGNOSTICS INC,https://www.avatrade.com/trading-info/trading-conditions,,
Avatrade,BROADRIDGE FINANCIAL SOLUTIO,https://www.avatrade.com/trading-info/trading-conditions,,
Avatrade,C.H. ROBINSON WORLDWIDE INC,https://www.avatrade.com/trading-info/trading-conditions,,
Avatrade,COMERICA INC,https://www.avatrade.com/trading-info/trading-conditions,,
Avatrade,WABTEC CORP,https://www.avatrade.com/trading-info/trading-conditions,,
Avatrade,AES CORP,https://www.avatrade.com/trading-info/trading-conditions,,
Avatrade,TEXTRON INC,https://www.avatrade.com/trading-info/trading-conditions,,
Avatrade,VIACOM INC-CLASS B,https://www.avatrade.com/trading-info/trading-conditions,,
Avatrade,NRG ENERGY INC,https://www.avatrade.com/trading-info/trading-conditions,,
Avatrade,E*TRADE FINANCIAL CORP,https://www.avatrade.com/trading-info/trading-conditions,,
Avatrade,TRACTOR SUPPLY COMPANY,https://www.avatrade.com/trading-info/trading-conditions,,
Avatrade,KANSAS CITY SOUTHERN,https://www.avatrade.com/trading-info/trading-conditions,,
Avatrade,ATMOS ENERGY CORP,https://www.avatrade.com/trading-info/trading-conditions,,
Avatrade,RAYMOND JAMES FINANCIAL INC,https://www.avatrade.com/trading-info/trading-conditions,,
Avatrade,CARMAX INC,https://www.avatrade.com/trading-info/trading-conditions,,
Avatrade,MASCO CORP,https://www.avatrade.com/trading-info/trading-conditions,,
Avatrade,KOHLS CORP,https://www.avatrade.com/trading-info/trading-conditions,,
Avatrade,REGENCY CENTERS CORP,https://www.avatrade.com/trading-info/trading-conditions,,
Avatrade,CAMPBELL SOUP CO,https://www.avatrade.com/trading-info/trading-conditions,,
Avatrade,DENTSPLY SIRONA INC,https://www.avatrade.com/trading-info/trading-conditions,,
Avatrade,DUKE REALTY CORP,https://www.avatrade.com/trading-info/trading-conditions,,
Avatrade,TAKE-TWO INTERACTIVE SOFTWRE,https://www.avatrade.com/trading-info/trading-conditions,,
Avatrade,ALLIANT ENERGY CORP,https://www.avatrade.com/trading-info/trading-conditions,,
Avatrade,CABOT OIL & GAS CORP,https://www.avatrade.com/trading-info/trading-conditions,,
Avatrade,EASTMAN CHEMICAL CO,https://www.avatrade.com/trading-info/trading-conditions,,
Avatrade,JACK HENRY & ASSOCIATES INC,https://www.avatrade.com/trading-info/trading-conditions,,
Avatrade,LAMB WESTON HOLDINGS INC,https://www.avatrade.com/trading-info/trading-conditions,,
Avatrade,PERKINELMER INC,https://www.avatrade.com/trading-info/trading-conditions,,
Avatrade,TECHNIPFMC PLC,https://www.avatrade.com/trading-info/trading-conditions,,
Avatrade,CBOE GLOBAL MARKETS INC,https://www.avatrade.com/trading-info/trading-conditions,,
Avatrade,HASBRO INC,https://www.avatrade.com/trading-info/trading-conditions,,
Avatrade,JACOBS ENGINEERING GROUP INC,https://www.avatrade.com/trading-info/trading-conditions,,
Avatrade,PINNACLE WEST CAPITAL,https://www.avatrade.com/trading-info/trading-conditions,,
Avatrade,MOSAIC CO/THE,https://www.avatrade.com/trading-info/trading-conditions,,
Avatrade,NISOURCE INC,https://www.avatrade.com/trading-info/trading-conditions,,
Avatrade,NATIONAL OILWELL VARCO INC,https://www.avatrade.com/trading-info/trading-conditions,,
Avatrade,FMC CORP,https://www.avatrade.com/trading-info/trading-conditions,,
Avatrade,FEDERAL REALTY INVS TRUST,https://www.avatrade.com/trading-info/trading-conditions,,
Avatrade,IRON MOUNTAIN INC,https://www.avatrade.com/trading-info/trading-conditions,,
Avatrade,RALPH LAUREN CORP,https://www.avatrade.com/trading-info/trading-conditions,,
Avatrade,WESTROCK CO,https://www.avatrade.com/trading-info/trading-conditions,,
Avatrade,F5 NETWORKS INC,https://www.avatrade.com/trading-info/trading-conditions,,
Avatrade,GAP INC/THE,https://www.avatrade.com/trading-info/trading-conditions,,
Avatrade,TAPESTRY INC,https://www.avatrade.com/trading-info/trading-conditions,,
Avatrade,PACKAGING CORP OF AMERICA,https://www.avatrade.com/trading-info/trading-conditions,,
Avatrade,AVERY DENNISON CORP,https://www.avatrade.com/trading-info/trading-conditions,,
Avatrade,JUNIPER NETWORKS INC,https://www.avatrade.com/trading-info/trading-conditions,,
Avatrade,UNITED RENTALS INC,https://www.avatrade.com/trading-info/trading-conditions,,
Avatrade,PVH CORP,https://www.avatrade.com/trading-info/trading-conditions,,
Avatrade,ALLIANCE DATA SYSTEMS CORP,https://www.avatrade.com/trading-info/trading-conditions,,
Avatrade,CF INDUSTRIES HOLDINGS INC,https://www.avatrade.com/trading-info/trading-conditions,,
Avatrade,TORCHMARK CORP,https://www.avatrade.com/trading-info/trading-conditions,,
Avatrade,MOHAWK INDUSTRIES INC,https://www.avatrade.com/trading-info/trading-conditions,,
Avatrade,HENRY SCHEIN INC,https://www.avatrade.com/trading-info/trading-conditions,,
Avatrade,LKQ CORP,https://www.avatrade.com/trading-info/trading-conditions,,
Avatrade,QORVO INC,https://www.avatrade.com/trading-info/trading-conditions,,
Avatrade,DAVITA INC,https://www.avatrade.com/trading-info/trading-conditions,,
Avatrade,SMITH (A.O.) CORP,https://www.avatrade.com/trading-info/trading-conditions,,
Avatrade,ARCONIC INC,https://www.avatrade.com/trading-info/trading-conditions,,
Avatrade,ZIONS BANCORP NA,https://www.avatrade.com/trading-info/trading-conditions,,
Avatrade,ALLEGION PLC,https://www.avatrade.com/trading-info/trading-conditions,,
Avatrade,NIELSEN HOLDINGS PLC,https://www.avatrade.com/trading-info/trading-conditions,,
Avatrade,IPG PHOTONICS CORP,https://www.avatrade.com/trading-info/trading-conditions,,
Avatrade,WHIRLPOOL CORP,https://www.avatrade.com/trading-info/trading-conditions,,
Avatrade,BORGWARNER INC,https://www.avatrade.com/trading-info/trading-conditions,,
Avatrade,COTY INC-CL A,https://www.avatrade.com/trading-info/trading-conditions,,
Avatrade,HOLLYFRONTIER CORP,https://www.avatrade.com/trading-info/trading-conditions,,
Avatrade,WESTERN UNION CO,https://www.avatrade.com/trading-info/trading-conditions,,
Avatrade,INTERPUBLIC GROUP OF COS INC,https://www.avatrade.com/trading-info/trading-conditions,,
Avatrade,INVESCO LTD,https://www.avatrade.com/trading-info/trading-conditions,,
Avatrade,ROBERT HALF INTL INC,https://www.avatrade.com/trading-info/trading-conditions,,
Avatrade,SL GREEN REALTY CORP,https://www.avatrade.com/trading-info/trading-conditions,,
Avatrade,PENTAIR PLC,https://www.avatrade.com/trading-info/trading-conditions,,
Avatrade,KIMCO REALTY CORP,https://www.avatrade.com/trading-info/trading-conditions,,
Avatrade,PULTEGROUP INC,https://www.avatrade.com/trading-info/trading-conditions,,
Avatrade,MACY'S INC,https://www.avatrade.com/trading-info/trading-conditions,,
Avatrade,XEROX CORP,https://www.avatrade.com/trading-info/trading-conditions,,
Avatrade,L BRANDS INC,https://www.avatrade.com/trading-info/trading-conditions,,
Avatrade,UNUM GROUP,https://www.avatrade.com/trading-info/trading-conditions,,
Avatrade,APARTMENT INVT & MGMT CO -A,https://www.avatrade.com/trading-info/trading-conditions,,
Avatrade,NEWS CORP - CLASS B,https://www.avatrade.com/trading-info/trading-conditions,,
Avatrade,TRIPADVISOR INC,https://www.avatrade.com/trading-info/trading-conditions,,
Avatrade,ALASKA AIR GROUP INC,https://www.avatrade.com/trading-info/trading-conditions,,
Avatrade,SEALED AIR CORP,https://www.avatrade.com/trading-info/trading-conditions,,
Avatrade,CAPRI HOLDINGS LTD,https://www.avatrade.com/trading-info/trading-conditions,,
Avatrade,CIMAREX ENERGY CO,https://www.avatrade.com/trading-info/trading-conditions,,
Avatrade,FOOT LOCKER INC,https://www.avatrade.com/trading-info/trading-conditions,,
Avatrade,NORDSTROM INC,https://www.avatrade.com/trading-info/trading-conditions,,
Avatrade,FORTUNE BRANDS HOME & SECURI,https://www.avatrade.com/trading-info/trading-conditions,,
Avatrade,FLIR SYSTEMS INC,https://www.avatrade.com/trading-info/trading-conditions,,
Avatrade,NEWELL BRANDS INC,https://www.avatrade.com/trading-info/trading-conditions,,
Avatrade,HANESBRANDS INC,https://www.avatrade.com/trading-info/trading-conditions,,
Avatrade,HELMERICH & PAYNE,https://www.avatrade.com/trading-info/trading-conditions,,
Avatrade,MACERICH CO/THE,https://www.avatrade.com/trading-info/trading-conditions,,
Avatrade,FLOWSERVE CORP,https://www.avatrade.com/trading-info/trading-conditions,,
Avatrade,HARLEY-DAVIDSON INC,https://www.avatrade.com/trading-info/trading-conditions,,
Avatrade,ASSURANT INC,https://www.avatrade.com/trading-info/trading-conditions,,
Avatrade,NEKTAR THERAPEUTICS,https://www.avatrade.com/trading-info/trading-conditions,,
Avatrade,JEFFERIES FINANCIAL GROUP IN,https://www.avatrade.com/trading-info/trading-conditions,,
Avatrade,AFFILIATED MANAGERS GROUP,https://www.avatrade.com/trading-info/trading-conditions,,
Avatrade,LEGGETT & PLATT INC,https://www.avatrade.com/trading-info/trading-conditions,,
Avatrade,QUANTA SERVICES INC,https://www.avatrade.com/trading-info/trading-conditions,,
Avatrade,FLUOR CORP,https://www.avatrade.com/trading-info/trading-conditions,,
Avatrade,H&R BLOCK INC,https://www.avatrade.com/trading-info/trading-conditions,,
Avatrade,MATTEL INC,https://www.avatrade.com/trading-info/trading-conditions,,
Avatrade,CANOPY GROWTH CORP,https://www.avatrade.com/trading-info/trading-conditions,,
Avatrade,LEVI STRAUSS & CO,https://www.avatrade.com/trading-info/trading-conditions,,
Avatrade,SHAKE SHACK INC,https://www.avatrade.com/trading-info/trading-conditions,,
Avatrade,WORLD WRESTLING ENTERTAINMENT INC,https://www.avatrade.com/trading-info/trading-conditions,,
Avatrade,LYFT INC,https://www.avatrade.com/trading-info/trading-conditions,,
Avatrade,PINTEREST INC,https://www.avatrade.com/trading-info/trading-conditions,,
Avatrade,BEYOND MEAT INC,https://www.avatrade.com/trading-info/trading-conditions,,
Avatrade,ZOOM VIDEO COMMUNICATIONS INC,https://www.avatrade.com/trading-info/trading-conditions,,
Avatrade,UBER TECHNOLOGIES INC,https://www.avatrade.com/trading-info/trading-conditions,,
Avatrade,SONY CORP,https://www.avatrade.com/trading-info/trading-conditions,,
Avatrade,ELECTRONIC ARTS INC,https://www.avatrade.com/trading-info/trading-conditions,,
